ACCT_TOKEN,I_ECIF_CUST_ID,C_ECIF_CUST_ROLE,C_FED_EXMPT,X_EMPL,CUST_DEF,CUST_ELIG_STATUS,CUST_ELIG_REASON,CHILD_OFF_CD,OFF_ST_DATE,OFF_END_DATE,CUST_OVER_STATUS,BONUS_1_TYPE,BONUS_1_VAL,BONUS_1_DESC,BONUS_1_STATUS,TAX_TYPE_B1,ELIG_ACCT_OPEN,ACCT_OPEN_DATE,ACCT_STATUS,OPEN_ACCT_QA_STATUS,OPEN_ACCT_QA_REASON,DD_TRX,DD_DATE,DD_TRX_DAYS_RM,DD_QA_STATUS,DD_QA_REASON,BONUS_2_TYPE,BONUS_2_VAL,BONUS_2_DESC,BONUS_2_STATUS,TAX_TYPE_B2,TTL_DPST_BLC,TTL_DPST_BLC_DAYS_RM,INCR_BLC_QA_STATUS,INCR_BLC_QA_REASON,INCR_BLC_DATE,TTL_DSPT_BLC_DAYS_MTN,MAINTAIN_BLC_QA_STATUS,MAINTAIN_BLC_QA_REASON,MAINTAIN_BLC_DATE,AGENT_ID,AGENT_NAME,Bonus_1_OVR_REASON,BONUS_1_OVR_DATE,Bonus_2_OVR_REASON,BONUS_2_OVR_DATE,OFFER_REDEEM_DATE,CUST_D_LOAD,ACCT_D_PRCSS_DAY,TRX_D_PRCSS_DAY,RULES_EXECUTE_DATE
2f9c656962cc28be746757d0a3972c8a75fa771c344dc95f8db2696105baca02,c11e4708,1000016,N,N,Customer,4,NHS408,NH53BJM8BJINL0IV,19/08/24,06/09/24,4,Cash,250,CONGRATULATIONS! You have earned your reward.  Thank you for banking with Fifth Third.,4,MISC,Y,05/09/24,Open,4,NHS408,0,Not met,0,4,NHS408,Cash,150,CONGRATULATIONS! You have earned your reward.  Thank you for banking with Fifth Third.,4,INT,17.63,0,4,NHS408,Not met,,4,NHS408,,,,,,,,09/05/24,56:05.3,05/09/24,null,2024-10-30 21:40:50 PM CST
9f0f97089338e09fc009b1b135a8ab2ae0820c384faf252bcd00f28c8b7e39e0,e36c44dd,1000016,N,N,Customer,4,NHS406,NH53BJM8BJINL0IV,19/08/24,06/09/24,4,Cash,250,CONGRATULATIONS! You have earned your reward.  Thank you for banking with Fifth Third.,4,MISC,Y,06/09/24,Open,4,NHS406,7915.45,9/27/2024,0,4,NHS406,Cash,150,CONGRATULATIONS! You have earned your reward.  Thank you for banking with Fifth Third.,4,INT,17026.05,0,4,NHS406,06/09/24,0,4,NHS406,26/09/24,,,,,,,09/06/24,02:07.7,28/10/24,25/10/24,2024-10-30 21:40:51 PM CST
7fb945c8da43666b838ff8b4caba377c3a2e82483dd18ac609766259b29298ac,231560c5,1000016,N,N,Prospect,1,NHS100,NH53BJM8BJINL0IV,19/08/24,06/09/24,2,Cash,250,CONGRATULATIONS! You have earned your reward.  Thank you for banking with Fifth Third.,4,MISC,Y,06/09/24,Open,3,NHS100,0.16,Not met,0,4,NHS401,Cash,150,CONGRATULATIONS! You have earned your reward.  Thank you for banking with Fifth Third.,5,INT,3465.58,0,5,NHS500,Not met,,6,NHS602,,,,,,,,09/06/24,16:39.8,28/10/24,09/09/24,2024-10-30 21:40:50 PM CST
360952c33202fc85d82d059a6a7f3c312f6aca4b95703123af17a1cd7dd92d24,Praveen1,1000016,N,N,Customer,4,NHS408,NH53BJM8BJINL0IV,19/08/24,06/09/24,4,Cash,250,CONGRATULATIONS! You have earned your reward.  Thank you for banking with Fifth Third.,4,MISC,Y,28/08/24,Open,4,NHS408,0,Not met,0,4,NHS408,Cash,150,CONGRATULATIONS! You have earned your reward.  Thank you for banking with Fifth Third.,4,INT,0,0,4,NHS408,Not met,,4,NHS408,,,,,,,,08-28-2024,00:28.3,28/08/24,null,2024-10-30 21:40:50 PM CST
4a8ada49afd0012c7477e1c7e4754ecb9b1c76010608d0d6f011baf17a2d85c9,Sebastian2,1000016,N,N,Prospect,1,NHS100,NH53BJM8BJINL0IV,19/08/24,06/09/24,2,Cash,250,CONGRATULATIONS! You have earned your reward.  Thank you for banking with Fifth Third.,3,MISC,Y,03/09/24,Open,3,NHS100,9031.36,10/02/24,0,3,NHS302,Cash,150,CONGRATULATIONS! You have earned your reward.  Thank you for banking with Fifth Third.,4,INT,6503.35,0,3,NHS303,15/10/24,4,4,NHS403,04/11/24,,,,,,,09/03/24,43:32.1,29/10/24,29/10/24,2024-10-30 21:40:50 PM CST
8e859dd0b72d94a663c71a42bddd5b65b505cbfdd93fc2026db7c0fd53a350e5,be2cb564,1000016,N,N,Customer,4,NHS408,NH53BJM8BJINL0IV,19/08/24,06/09/24,4,Cash,250,CONGRATULATIONS! You have earned your reward.  Thank you for banking with Fifth Third.,4,MISC,Y,27/08/24,Open,4,NHS408,0,Not met,0,4,NHS408,Cash,150,CONGRATULATIONS! You have earned your reward.  Thank you for banking with Fifth Third.,4,INT,-89.97,0,4,NHS408,Not met,,4,NHS408,,,,,,,,08-27-2024,44:50.0,25/10/24,null,2024-10-30 21:40:50 PM CST
da5390e12907ad50c2686ac55ce5a360b2edec726c4fc56ae08fee2c84ffcd68,c339b434,1000016,N,N,Prospect,1,NHS100,NH53BJM8BJINL0IV,19/08/24,06/09/24,2,Cash,250,CONGRATULATIONS! You have earned your reward.  Thank you for banking with Fifth Third.,4,MISC,Y,13/08/24,Open,3,NHS100,0,Not met,0,4,NHS401,Cash,150,CONGRATULATIONS! You have earned your reward.  Thank you for banking with Fifth Third.,5,INT,0,0,5,NHS500,Not met,,6,NHS602,,,,,,,,08-13-2024,52:31.9,13/08/24,null,2024-10-30 21:40:50 PM CST
e07c3b2f22c9e32cdb6def0a03a6b1c6353ee17550ffd865a04ece538b8cb5e9,ebc5a3dc,1000016,A,N,Prospect,1,NHS100,NH53BJM8BJINL0IV,19/08/24,06/09/24,2,Cash,250,CONGRATULATIONS! You have earned your reward.  Thank you for banking with Fifth Third.,3,MISC,Y,19/08/24,Open,3,NHS100,2509.38,09/05/24,0,3,NHS302,Cash,150,CONGRATULATIONS! You have earned your reward.  Thank you for banking with Fifth Third.,5,INT,291.2,0,5,NHS500,Not met,,6,NHS602,,,,,,,,08-19-2024,40:39.2,29/10/24,23/10/24,2024-10-30 21:40:50 PM CST
93e4fec2f59aab8ed8cf0e025e093a0841902e47dfd9392b9e552822912ce4c2,e12345b,1000016,C,N,Prospect,1,NHS100,NH53BJM8BJINL0IV,19/08/24,06/09/24,2,Cash,250,CONGRATULATIONS! You have earned your reward.  Thank you for banking with Fifth Third.,3,MISC,Y,20/08/24,Open,3,NHS100,5155.05,8/28/2024,0,3,NHS302,Cash,150,CONGRATULATIONS! You have earned your reward.  Thank you for banking with Fifth Third.,5,INT,3384.6,0,5,NHS500,Not met,,6,NHS602,,,,,,,,08-20-2024,07:35.4,29/10/24,23/10/24,2024-10-30 21:40:50 PM CST
7decdc2b3a295fed8d46dde392128912ad011859e35c95c894ba9e0a773f158f,fe15b364,1000016,N,N,Prospect,1,NHS100,NH53BJM8BJINL0IV,19/08/24,06/09/24,3,Cash,250,CONGRATULATIONS! You have earned your reward.  Thank you for banking with Fifth Third.,3,MISC,Y,20/08/24,Open,3,NHS100,6799.77,8/28/2024,0,3,NHS302,Cash,150,CONGRATULATIONS! You have earned your reward.  Thank you for banking with Fifth Third.,3,INT,5710.13,0,3,NHS303,03/09/24,0,3,NHS304,23/09/24,,,,,,,08-20-2024,29:14.5,29/10/24,23/10/24,2024-10-30 21:40:50 PM CST
04db4e7fe0ac6faf5cda09926e7be20f3e5c98553e199eb7c3c4eb49f67fe2c3,c999999,1000016,N,N,Prospect,1,NHS100,NH53BJM8BJINL0IV,19/08/24,06/09/24,3,Cash,250,CONGRATULATIONS! You have earned your reward.  Thank you for banking with Fifth Third.,3,MISC,Y,21/08/24,Open,3,NHS100,1335.15,09/05/24,0,3,NHS302,Cash,150,CONGRATULATIONS! You have earned your reward.  Thank you for banking with Fifth Third.,3,INT,47906.54,0,3,NHS303,21/08/24,0,3,NHS304,10/09/24,,,,,,,08-21-2024,14:14.2,07/10/24,19/09/24,2024-10-30 21:40:50 PM CST
350c9e0ab20aacd5193b121362071b019786674d474ad77d6585f0cc432ff5d3,b234567,1000016,N,N,Prospect,1,NHS100,NH53BJM8BJINL0IV,19/08/24,06/09/24,2,Cash,250,CONGRATULATIONS! You have earned your reward.  Thank you for banking with Fifth Third.,3,MISC,Y,22/08/24,Open,3,NHS100,1118.03,10/03/24,0,3,NHS302,Cash,150,CONGRATULATIONS! You have earned your reward.  Thank you for banking with Fifth Third.,5,INT,55.25,0,5,NHS500,Not met,,6,NHS602,,,,,,,,08-22-2024,03:07.1,28/10/24,18/10/24,2024-10-30 21:40:50 PM CST
742c44e3d3ab8c96b33f4581aaa02524e0fc42bb3282438dce55b286c8e73329,758ea9c0,1000016,N,N,Prospect,1,NHS100,NH53BJM8BJINL0IV,19/08/24,06/09/24,2,Cash,250,CONGRATULATIONS! You have earned your reward.  Thank you for banking with Fifth Third.,4,MISC,Y,22/08/24,Open,3,NHS100,0,Not met,0,4,NHS401,Cash,150,CONGRATULATIONS! You have earned your reward.  Thank you for banking with Fifth Third.,5,INT,382.94,0,5,NHS500,Not met,,6,NHS602,,,,,,,,08-22-2024,37:06.8,02/10/24,null,2024-10-30 21:40:51 PM CST
2bb61fc1cd49e34a85880c396895a755baf394416df81b5822dfd6fbb56310ca,Gaurav3,1000016,N,N,Prospect,1,NHS100,NH53BJM8BJINL0IV,19/08/24,06/09/24,2,Cash,250,CONGRATULATIONS! You have earned your reward.  Thank you for banking with Fifth Third.,3,MISC,Y,22/08/24,Open,3,NHS100,3781.98,8/30/2024,0,3,NHS302,Cash,150,CONGRATULATIONS! You have earned your reward.  Thank you for banking with Fifth Third.,5,INT,971.59,0,5,NHS500,Not met,,6,NHS602,,,,,,,,08-22-2024,38:37.4,29/10/24,28/10/24,2024-10-30 21:40:50 PM CST
c5b8504b2d6d08ce0b5ef867938f928af5a9beb0414ce7e9cbb28ad8ef620b0c,1b13c928,1000016,N,N,Prospect,1,NHS100,NH53BJM8BJINL0IV,19/08/24,06/09/24,2,Cash,250,CONGRATULATIONS! You have earned your reward.  Thank you for banking with Fifth Third.,3,MISC,Y,23/08/24,Open,3,NHS100,1650.55,10/09/24,0,3,NHS302,Cash,150,CONGRATULATIONS! You have earned your reward.  Thank you for banking with Fifth Third.,5,INT,85.23,0,5,NHS500,Not met,,6,NHS602,,,,,,,,08-23-2024,33:30.7,29/10/24,23/10/24,2024-10-30 21:40:50 PM CST
1dacda2b1e16828a934357463db628c72fbbcd58c21fbf3581439dce977ac8f2,ee3c4761,1000016,N,N,Prospect,1,NHS100,NH53BJM8BJINL0IV,19/08/24,06/09/24,2,Cash,250,CONGRATULATIONS! You have earned your reward.  Thank you for banking with Fifth Third.,4,MISC,Y,24/08/24,Open,3,NHS100,0,Not met,0,4,NHS401,Cash,150,CONGRATULATIONS! You have earned your reward.  Thank you for banking with Fifth Third.,5,INT,325.26,0,5,NHS500,Not met,,6,NHS602,,,,,,,,08-24-2024,14:32.2,28/10/24,null,2024-10-30 21:40:50 PM CST
1b8a5f22169cb2f3db9960c46e22f730cd21d4efd5fdb1be6a5b31da414e249e,eb55e441,1000016,N,N,Prospect,1,NHS100,NH53BJM8BJINL0IV,19/08/24,06/09/24,3,Cash,250,CONGRATULATIONS! You have earned your reward.  Thank you for banking with Fifth Third.,3,MISC,Y,24/08/24,Open,3,NHS100,2500,8/29/2024,0,3,NHS302,Cash,150,CONGRATULATIONS! You have earned your reward.  Thank you for banking with Fifth Third.,3,INT,185.04,0,3,NHS303,26/08/24,0,3,NHS304,15/09/24,,,,,,,08-24-2024,48:17.7,24/10/24,23/10/24,2024-10-30 21:40:50 PM CST
0623822ab53d8bff076b35dcf2690155f8ef9576feffafe83f1fd8592cd9870b,Jaya4,1000016,N,N,Prospect,1,NHS100,NH53BJM8BJINL0IV,19/08/24,06/09/24,2,Cash,250,CONGRATULATIONS! You have earned your reward.  Thank you for banking with Fifth Third.,4,MISC,Y,26/08/24,Open,3,NHS100,0,Not met,0,4,NHS401,Cash,150,CONGRATULATIONS! You have earned your reward.  Thank you for banking with Fifth Third.,5,INT,2000.01,0,5,NHS500,Not met,,6,NHS602,,,,,,,,08-26-2024,09:31.4,26/08/24,null,2024-10-30 21:40:50 PM CST
bf96cbce466bb767849920f4a0aee7e2d6c738a538cb95e17936bafab011e919,58c3032d,1000016,N,N,Prospect,1,NHS100,NH53BJM8BJINL0IV,19/08/24,06/09/24,2,Cash,250,CONGRATULATIONS! You have earned your reward.  Thank you for banking with Fifth Third.,4,MISC,Y,25/08/24,Open,3,NHS100,100,Not met,0,4,NHS401,Cash,150,CONGRATULATIONS! You have earned your reward.  Thank you for banking with Fifth Third.,2,INT,23487.17,0,3,NHS303,10/09/24,0,3,NHS304,30/09/24,,,,,,,08-25-2024,23:04.9,29/10/24,27/08/24,2024-10-30 21:40:50 PM CST
17b9b69a54cded3cc44ac80a71f22879592320c557003a59d5180157da28815f,edf1a1ea,1000016,A,N,Prospect,1,NHS100,NH53BJM8BJINL0IV,19/08/24,06/09/24,2,Cash,250,CONGRATULATIONS! You have earned your reward.  Thank you for banking with Fifth Third.,4,MISC,Y,27/08/24,Open,3,NHS100,0,Not met,0,4,NHS401,Cash,150,CONGRATULATIONS! You have earned your reward.  Thank you for banking with Fifth Third.,5,INT,79.46,0,5,NHS500,Not met,,6,NHS602,,,,,,,,08-27-2024,15:19.7,28/10/24,null,2024-10-30 21:40:50 PM CST
7858f8a4baa157420414c15437e56add0d546b553b552d9374be6ceda7e41e3e,b01a395f,1000016,N,N,Prospect,4,NHS410,NH53BJM8BJINL0IV,19/08/24,06/09/24,4,Cash,250,CONGRATULATIONS! You have earned your reward.  Thank you for banking with Fifth Third.,4,MISC,Y,27/08/24,Closed,4,NHS410,0,Not met,0,4,NHS410,Cash,150,CONGRATULATIONS! You have earned your reward.  Thank you for banking with Fifth Third.,4,INT,0,0,4,NHS410,Not met,,4,NHS410,,,,,,,,08-27-2024,35:49.3,26/09/24,null,2024-10-30 21:40:50 PM CST
6aa94f4fb0b9d7f2ed5ba3e1557c432857ed5da0a110e8b6409b8235b8825deb,1ecbfcff,1000016,N,N,Prospect,1,NHS100,NH53BJM8BJINL0IV,19/08/24,06/09/24,2,Cash,250,CONGRATULATIONS! You have earned your reward.  Thank you for banking with Fifth Third.,3,MISC,Y,27/08/24,Open,3,NHS100,5314.75,09/05/24,0,3,NHS302,Cash,150,CONGRATULATIONS! You have earned your reward.  Thank you for banking with Fifth Third.,5,INT,1554.75,0,5,NHS500,Not met,,6,NHS602,,,,,,,,08-27-2024,44:42.2,24/10/24,24/10/24,2024-10-30 21:40:51 PM CST
360b9d17ecd227490091f16ed1e0f51e3d0ee4c01d415c53e7494d4cc9698fdd,Aditya5,1000016,N,N,Prospect,1,NHS100,NH53BJM8BJINL0IV,19/08/24,06/09/24,3,Cash,250,CONGRATULATIONS! You have earned your reward.  Thank you for banking with Fifth Third.,3,MISC,Y,27/08/24,Open,3,NHS100,17347.02,8/29/2024,0,3,NHS302,Cash,150,CONGRATULATIONS! You have earned your reward.  Thank you for banking with Fifth Third.,3,INT,14756.9,0,3,NHS303,29/08/24,0,3,NHS304,18/09/24,,,,,,,08-27-2024,53:40.4,23/10/24,01/10/24,2024-10-30 21:40:51 PM CST
7ae89563227aabf69bab3a3ccc90d1bc92f338e8bfbd4b9e5597b9a6738f754b,a9b5c508,1000016,N,N,Prospect,1,NHS100,NH53BJM8BJINL0IV,19/08/24,06/09/24,2,Cash,250,CONGRATULATIONS! You have earned your reward.  Thank you for banking with Fifth Third.,4,MISC,Y,26/08/24,Open,3,NHS100,0,Not met,0,4,NHS401,Cash,150,CONGRATULATIONS! You have earned your reward.  Thank you for banking with Fifth Third.,5,INT,6.07,0,5,NHS500,Not met,,6,NHS602,,,,,,,,08-26-2024,15:49.8,28/10/24,null,2024-10-30 21:40:51 PM CST
fa3837598a1bf7a42c94a6a4777ca241b22784b0a81ac1a33a33d4e43d7a134d,33b12921,1000031,N,N,Prospect,1,NHS100,NH53BJM8BJINL0IV,19/08/24,06/09/24,3,Cash,250,CONGRATULATIONS! You have earned your reward.  Thank you for banking with Fifth Third.,3,MISC,Y,28/08/24,Open,3,NHS100,192416.85,09/06/24,0,3,NHS302,Cash,150,CONGRATULATIONS! You have earned your reward.  Thank you for banking with Fifth Third.,3,INT,106629.84,0,3,NHS303,03/09/24,0,3,NHS304,23/09/24,,,,,,,08-28-2024,05:52.2,29/10/24,28/10/24,2024-10-30 21:40:51 PM CST
6a5ee2722a7cbd3453c2a6221116992739c22abb6aec889b9a77209c70b06114,925fbfa6,1000016,N,N,Prospect,1,NHS100,NH53BJM8BJINL0IV,19/08/24,06/09/24,2,Cash,250,CONGRATULATIONS! You have earned your reward.  Thank you for banking with Fifth Third.,3,MISC,Y,28/08/24,Open,3,NHS100,9522.54,8/30/2024,0,3,NHS302,Cash,150,CONGRATULATIONS! You have earned your reward.  Thank you for banking with Fifth Third.,5,INT,-640.73,0,5,NHS500,Not met,,6,NHS602,,,,,,,,08-28-2024,56:11.4,25/10/24,17/10/24,2024-10-30 21:40:51 PM CST
8ea5f09f898533e993c210d4d82ca08f7805040d098830542b86293aed582b7c,c826ef79,1000016,N,N,Prospect,1,NHS100,NH53BJM8BJINL0IV,19/08/24,06/09/24,3,Cash,250,CONGRATULATIONS! You have earned your reward.  Thank you for banking with Fifth Third.,3,MISC,Y,28/08/24,Open,3,NHS100,7054.74,9/13/2024,0,3,NHS302,Cash,150,CONGRATULATIONS! You have earned your reward.  Thank you for banking with Fifth Third.,3,INT,543794,0,3,NHS303,03/09/24,0,3,NHS304,23/09/24,,,,,,,08-28-2024,17:54.2,25/10/24,18/10/24,2024-10-30 21:40:51 PM CST
7b2dd51f35c21a918c4b1f1a831430039242e6f85339e3bb2df9e5ea8637a5a9,Shalini6,1000016,N,N,Prospect,1,NHS100,NH53BJM8BJINL0IV,19/08/24,06/09/24,2,Cash,250,CONGRATULATIONS! You have earned your reward.  Thank you for banking with Fifth Third.,4,MISC,Y,28/08/24,Open,3,NHS100,0,Not met,0,4,NHS401,Cash,150,CONGRATULATIONS! You have earned your reward.  Thank you for banking with Fifth Third.,5,INT,0,0,5,NHS500,Not met,,6,NHS602,,,,,,,,08-28-2024,38:27.0,28/08/24,null,2024-10-30 21:40:51 PM CST
2274111856b307fdea0f5576d950f65f3763303b7f94055b861b2117ef87bc4e,275a0653,1000016,N,N,Prospect,1,NHS100,NH53BJM8BJINL0IV,19/08/24,06/09/24,2,Cash,250,CONGRATULATIONS! You have earned your reward.  Thank you for banking with Fifth Third.,4,MISC,Y,29/08/24,Open,3,NHS100,0,Not met,0,4,NHS401,Cash,150,CONGRATULATIONS! You have earned your reward.  Thank you for banking with Fifth Third.,5,INT,0,0,5,NHS500,Not met,,6,NHS602,,,,,,,,08-29-2024,42:45.7,29/08/24,null,2024-10-30 21:40:51 PM CST
0ecad7277fc78473c0c27e8c619e18ff51b1592169fda3c47c5ab5ecd3ab69a2,4216735a,1000016,N,N,Prospect,1,NHS100,NH53BJM8BJINL0IV,19/08/24,06/09/24,2,Cash,250,CONGRATULATIONS! You have earned your reward.  Thank you for banking with Fifth Third.,4,MISC,Y,29/08/24,Open,3,NHS100,468.48,Not met,0,4,NHS401,Cash,150,CONGRATULATIONS! You have earned your reward.  Thank you for banking with Fifth Third.,5,INT,-98.3,0,5,NHS500,Not met,,6,NHS602,,,,,,,,08-29-2024,05:17.3,21/10/24,18/10/24,2024-10-30 21:40:51 PM CST
267c539d84ae360b854e7da6b48c09e3a57ee2f35d35ed53ca2ade8cd1de431d,60935c55,1000016,N,N,Prospect,1,NHS100,NH53BJM8BJINL0IV,19/08/24,06/09/24,3,Cash,250,CONGRATULATIONS! You have earned your reward.  Thank you for banking with Fifth Third.,3,MISC,Y,29/08/24,Open,3,NHS100,22400,9/13/2024,0,3,NHS302,Cash,150,CONGRATULATIONS! You have earned your reward.  Thank you for banking with Fifth Third.,3,INT,22800.14,0,3,NHS303,13/09/24,0,3,NHS304,03/10/24,,,,,,,08-29-2024,58:51.6,21/10/24,15/10/24,2024-10-30 21:40:51 PM CST
638e306c75faa24062ef6df3b4d7869089598bd693cd7ec40add962f92677fcd,aa81e93f,1000016,N,N,Prospect,1,NHS100,NH53BJM8BJINL0IV,19/08/24,06/09/24,2,Cash,250,CONGRATULATIONS! You have earned your reward.  Thank you for banking with Fifth Third.,4,MISC,Y,29/08/24,Open,3,NHS100,0,Not met,0,4,NHS401,Cash,150,CONGRATULATIONS! You have earned your reward.  Thank you for banking with Fifth Third.,2,INT,16376.62,0,3,NHS303,29/08/24,0,3,NHS304,18/09/24,,,,,,,08-29-2024,58:42.3,23/10/24,null,2024-10-30 21:40:51 PM CST
77c8a1d7c6f05e14c0b58442770a83fcdc3a68b860385e53cce369ae95c7d083,5c7e3436,1000016,N,N,Prospect,1,NHS100,NH53BJM8BJINL0IV,19/08/24,06/09/24,2,Cash,250,CONGRATULATIONS! You have earned your reward.  Thank you for banking with Fifth Third.,3,MISC,Y,29/08/24,Open,3,NHS100,1489.55,9/27/2024,0,3,NHS302,Cash,150,CONGRATULATIONS! You have earned your reward.  Thank you for banking with Fifth Third.,5,INT,74.17,0,5,NHS500,Not met,,6,NHS602,,,,,,,,08-29-2024,42:14.3,29/10/24,09/10/24,2024-10-30 21:40:51 PM CST
d63dbc8a24023f108560f4e7ec90b85bfed7b358afd08bfd39f2749ec61e52fc,a142ef3f,1000016,N,N,Prospect,1,NHS100,NH53BJM8BJINL0IV,19/08/24,06/09/24,3,Cash,250,CONGRATULATIONS! You have earned your reward.  Thank you for banking with Fifth Third.,3,MISC,Y,29/08/24,Open,3,NHS100,7035.31,09/04/24,0,3,NHS302,Cash,150,CONGRATULATIONS! You have earned your reward.  Thank you for banking with Fifth Third.,3,INT,2463.11,0,3,NHS303,06/09/24,0,3,NHS304,26/09/24,,,,,,,08-29-2024,13:42.6,29/10/24,24/09/24,2024-10-30 21:40:51 PM CST
303a52d96a26965a82547cb7378b89fa0296c9f2ec0b474c482ae40afefd322b,cbf08f1d,1000016,N,N,Prospect,1,NHS100,NH53BJM8BJINL0IV,19/08/24,06/09/24,2,Cash,250,CONGRATULATIONS! You have earned your reward.  Thank you for banking with Fifth Third.,4,MISC,Y,29/08/24,Open,3,NHS100,0,Not met,0,4,NHS401,Cash,150,CONGRATULATIONS! You have earned your reward.  Thank you for banking with Fifth Third.,5,INT,5.57,0,5,NHS500,Not met,,6,NHS602,,,,,,,,08-29-2024,26:55.4,24/10/24,null,2024-10-30 21:40:51 PM CST
a6803cfd05b5f5cb8676beba633115ca9ef74c92ec9917a99cea6c7728cc146f,3b3700d9,1000016,N,N,Prospect,1,NHS100,NH53BJM8BJINL0IV,19/08/24,06/09/24,2,Cash,250,CONGRATULATIONS! You have earned your reward.  Thank you for banking with Fifth Third.,4,MISC,Y,03/09/24,Open,3,NHS100,0,Not met,0,4,NHS401,Cash,150,CONGRATULATIONS! You have earned your reward.  Thank you for banking with Fifth Third.,5,INT,0,0,5,NHS500,Not met,,6,NHS602,,,,,,,,09/03/24,43:49.6,03/09/24,null,2024-10-30 21:40:51 PM CST
d571fe2d8a60ecd40aa7320c75f1b92d2d2b0ef6814de9f69d482fd338600af9,Prankit7,1000016,N,N,Prospect,1,NHS100,NH53BJM8BJINL0IV,19/08/24,06/09/24,2,Cash,250,CONGRATULATIONS! You have earned your reward.  Thank you for banking with Fifth Third.,3,MISC,Y,30/08/24,Open,3,NHS100,4850.63,09/11/24,0,3,NHS302,Cash,150,CONGRATULATIONS! You have earned your reward.  Thank you for banking with Fifth Third.,5,INT,1516.54,0,5,NHS500,Not met,,6,NHS602,,,,,,,,08-30-2024,11:31.4,29/10/24,23/10/24,2024-10-30 21:40:51 PM CST
99e26cdbe85e2f4f401e88e1182d579b0381122c19bdc963166cbdbf88033368,6f987a66,1000016,N,N,Prospect,1,NHS100,NH53BJM8BJINL0IV,19/08/24,06/09/24,2,Cash,250,CONGRATULATIONS! You have earned your reward.  Thank you for banking with Fifth Third.,3,MISC,Y,30/08/24,Open,3,NHS100,6781.54,09/11/24,0,3,NHS302,Cash,150,CONGRATULATIONS! You have earned your reward.  Thank you for banking with Fifth Third.,5,INT,1029.53,0,5,NHS500,Not met,,6,NHS602,,,,,,,,08-30-2024,31:03.5,29/10/24,23/10/24,2024-10-30 21:40:51 PM CST
5661b5b174809f63bbfb189648247cc930443f1cdd30b8aaf27a660decaf8891,30daf65c,1000016,N,N,Prospect,1,NHS100,NH53BJM8BJINL0IV,19/08/24,06/09/24,2,Cash,250,CONGRATULATIONS! You have earned your reward.  Thank you for banking with Fifth Third.,3,MISC,Y,30/08/24,Open,3,NHS100,5032.58,09/04/24,0,3,NHS302,Cash,150,CONGRATULATIONS! You have earned your reward.  Thank you for banking with Fifth Third.,5,INT,62.4,0,5,NHS500,Not met,,6,NHS602,,,,,,,,08-30-2024,54:52.6,29/10/24,23/10/24,2024-10-30 21:40:51 PM CST
f245e138336134991fffbcc4e169a9764f84f1f7d54e2e2daeff1ef3f66fdfbf,a191ccf2,1000016,N,N,Prospect,1,NHS100,NH53BJM8BJINL0IV,19/08/24,06/09/24,2,Cash,250,CONGRATULATIONS! You have earned your reward.  Thank you for banking with Fifth Third.,3,MISC,Y,30/08/24,Open,3,NHS100,2249.11,09/11/24,0,3,NHS302,Cash,150,CONGRATULATIONS! You have earned your reward.  Thank you for banking with Fifth Third.,5,INT,357.71,0,5,NHS500,Not met,,6,NHS602,,,,,,,,08-30-2024,51:22.6,29/10/24,23/10/24,2024-10-30 21:40:51 PM CST
4320d6805cc2f2426fd9ba934fe6e55938ecbbd47f4a3bf4678c5a83dc1f03d8,ad7ffcdd,1000016,N,N,Prospect,4,NHS410,NH53BJM8BJINL0IV,19/08/24,06/09/24,4,Cash,250,CONGRATULATIONS! You have earned your reward.  Thank you for banking with Fifth Third.,4,MISC,Y,30/08/24,Closed,4,NHS410,0,Not met,0,4,NHS410,Cash,150,CONGRATULATIONS! You have earned your reward.  Thank you for banking with Fifth Third.,4,INT,0,0,4,NHS410,Not met,,4,NHS410,,,,,,,,08-30-2024,34:37.4,09/10/24,null,2024-10-30 21:40:51 PM CST
c8ee55d8389471bae38bc38fa83c05d330a22397645fc02a1af60fd484f78ea5,5ee591e7,1000016,N,N,Prospect,1,NHS100,NH53BJM8BJINL0IV,19/08/24,06/09/24,2,Cash,250,CONGRATULATIONS! You have earned your reward.  Thank you for banking with Fifth Third.,3,MISC,Y,30/08/24,Open,3,NHS100,8785.43,10/10/24,0,3,NHS302,Cash,150,CONGRATULATIONS! You have earned your reward.  Thank you for banking with Fifth Third.,4,INT,4240.34,0,3,NHS303,10/10/24,0,4,NHS403,30/10/24,,,,,,,08-30-2024,49:49.5,29/10/24,24/10/24,2024-10-30 21:40:51 PM CST
5b50bb543f1d243776f70b9278d69ca9a83badde59f628a2c6fc45560a7251c7,af8af14c,1000016,N,N,Prospect,1,NHS100,NH53BJM8BJINL0IV,19/08/24,06/09/24,2,Cash,250,CONGRATULATIONS! You have earned your reward.  Thank you for banking with Fifth Third.,4,MISC,Y,30/08/24,Open,3,NHS100,0,Not met,0,4,NHS401,Cash,150,CONGRATULATIONS! You have earned your reward.  Thank you for banking with Fifth Third.,5,INT,0,0,5,NHS500,Not met,,6,NHS602,,,,,,,,08-30-2024,06:28.1,30/08/24,null,2024-10-30 21:40:51 PM CST
fd4f5aa447ec9b56b4906b8628d198be1010c7e12a34f2877b6ab1e486a25f39,5124e4dd,1000016,N,N,Prospect,1,NHS100,NH53BJM8BJINL0IV,19/08/24,06/09/24,2,Cash,250,CONGRATULATIONS! You have earned your reward.  Thank you for banking with Fifth Third.,3,MISC,Y,31/08/24,Open,3,NHS100,4280.19,10/11/24,0,3,NHS302,Cash,150,CONGRATULATIONS! You have earned your reward.  Thank you for banking with Fifth Third.,2,INT,7476.19,0,3,NHS303,11/10/24,0,2,NHS204,31/10/24,,,,,,,08-31-2024,00:37.9,25/10/24,11/10/24,2024-10-30 21:40:51 PM CST
f68079166ef497ad1de06c1432df01be5cca5f0936c3f4d0953a25e8c0edd4f9,d59829b9,1000016,N,N,Prospect,1,NHS100,NH53BJM8BJINL0IV,19/08/24,06/09/24,2,Cash,250,CONGRATULATIONS! You have earned your reward.  Thank you for banking with Fifth Third.,3,MISC,Y,31/08/24,Open,3,NHS100,2318.32,10/09/24,0,3,NHS302,Cash,150,CONGRATULATIONS! You have earned your reward.  Thank you for banking with Fifth Third.,4,INT,614.43,0,3,NHS303,15/10/24,4,4,NHS403,04/11/24,,,,,,,08-31-2024,13:08.2,29/10/24,23/10/24,2024-10-30 21:40:51 PM CST
0d0e9ca7287e992de141b55da614883c259fd25cb2ab04fe9f5017f216015f93,6b9d4f79,1000016,N,N,Prospect,1,NHS100,NH53BJM8BJINL0IV,19/08/24,06/09/24,2,Cash,250,CONGRATULATIONS! You have earned your reward.  Thank you for banking with Fifth Third.,3,MISC,Y,31/08/24,Open,3,NHS100,1150,10/16/2024,0,3,NHS302,Cash,150,CONGRATULATIONS! You have earned your reward.  Thank you for banking with Fifth Third.,5,INT,227.48,0,5,NHS500,Not met,,6,NHS602,,,,,,,,08-31-2024,09:22.2,28/10/24,16/10/24,2024-10-30 21:40:51 PM CST
e36d8a136cb9d1fd1e9b340f8b4656683df4285022f29ca17b6b112498a56b0c,d255ecea,1000016,N,N,Prospect,1,NHS100,NH53BJM8BJINL0IV,19/08/24,06/09/24,2,Cash,250,CONGRATULATIONS! You have earned your reward.  Thank you for banking with Fifth Third.,3,MISC,Y,31/08/24,Open,3,NHS100,5788.88,10/07/24,0,3,NHS302,Cash,150,CONGRATULATIONS! You have earned your reward.  Thank you for banking with Fifth Third.,2,INT,9822.69,0,3,NHS303,11/10/24,0,2,NHS204,31/10/24,,,,,,,08-31-2024,39:23.0,28/10/24,28/10/24,2024-10-30 21:40:51 PM CST
47fbf2524d32c0074613d8a1cba7fb3a60f51e1d900b2f32c51a7d95a37e12a3,1ce8f93f,1000016,N,N,Prospect,1,NHS100,NH53BJM8BJINL0IV,19/08/24,06/09/24,2,Cash,250,CONGRATULATIONS! You have earned your reward.  Thank you for banking with Fifth Third.,4,MISC,Y,31/08/24,Open,3,NHS100,0,Not met,0,4,NHS401,Cash,150,CONGRATULATIONS! You have earned your reward.  Thank you for banking with Fifth Third.,5,INT,0,0,5,NHS500,Not met,,6,NHS602,,,,,,,,08-31-2024,58:54.8,03/09/24,null,2024-10-30 21:40:51 PM CST
b71c4a4ab437eb6b551cb073d5c4232f1c7eb0dcc8a7450e74dc568f06a30567,8e06b157,1000016,N,N,Prospect,1,NHS100,NH53BJM8BJINL0IV,19/08/24,06/09/24,2,Cash,250,CONGRATULATIONS! You have earned your reward.  Thank you for banking with Fifth Third.,3,MISC,Y,31/08/24,Open,3,NHS100,9601.23,09/05/24,0,3,NHS302,Cash,150,CONGRATULATIONS! You have earned your reward.  Thank you for banking with Fifth Third.,5,INT,1673.84,0,5,NHS500,Not met,,6,NHS602,,,,,,,,08-31-2024,37:48.2,28/10/24,17/10/24,2024-10-30 21:40:51 PM CST
3d3d6a393bb4d077eb6ed7fffd304b4e8a743d6b14da769d4a3f3692b6c850fa,10c7d808,1000016,N,N,Prospect,1,NHS100,NH53BJM8BJINL0IV,19/08/24,06/09/24,2,Cash,250,CONGRATULATIONS! You have earned your reward.  Thank you for banking with Fifth Third.,4,MISC,Y,03/09/24,Open,3,NHS100,0,Not met,0,4,NHS401,Cash,150,CONGRATULATIONS! You have earned your reward.  Thank you for banking with Fifth Third.,2,INT,5654.68,0,3,NHS303,30/09/24,0,3,NHS304,20/10/24,,,,,,,09/03/24,06:23.5,29/10/24,null,2024-10-30 21:40:51 PM CST
cfa4a5493e0c622c47295503723640eeb8c2d52cc45707186acae18291afa7f4,c7104b71,1000016,N,N,Prospect,1,NHS100,NH53BJM8BJINL0IV,19/08/24,06/09/24,2,Cash,250,CONGRATULATIONS! You have earned your reward.  Thank you for banking with Fifth Third.,3,MISC,Y,03/09/24,Open,3,NHS100,1897.43,09/12/24,0,3,NHS302,Cash,150,CONGRATULATIONS! You have earned your reward.  Thank you for banking with Fifth Third.,5,INT,3,0,5,NHS500,Not met,,6,NHS602,,,,,,,,09/03/24,20:26.1,29/10/24,23/10/24,2024-10-30 21:40:51 PM CST
1f0618d7d55cb2edcdc0365f421f8c67a5545d4b8a56af524f9426e9e0babf60,a3d64d1d,1000016,N,N,Prospect,1,NHS100,NH53BJM8BJINL0IV,19/08/24,06/09/24,2,Cash,250,CONGRATULATIONS! You have earned your reward.  Thank you for banking with Fifth Third.,4,MISC,Y,31/08/24,Open,3,NHS100,819.75,10/24/2024,0,4,NHS401,Cash,150,CONGRATULATIONS! You have earned your reward.  Thank you for banking with Fifth Third.,5,INT,36.53,0,5,NHS500,Not met,,6,NHS602,,,,,,,,08-31-2024,39:50.2,29/10/24,24/10/24,2024-10-30 21:40:51 PM CST
fee2eacd020be6fe733c23aa8ebafe521eb249d2d56704e55a6fb2eb5cfd0950,f18b2545,1000016,N,N,Prospect,1,NHS100,NH53BJM8BJINL0IV,19/08/24,06/09/24,2,Cash,250,CONGRATULATIONS! You have earned your reward.  Thank you for banking with Fifth Third.,3,MISC,Y,03/09/24,Open,3,NHS100,1643,10/01/24,0,3,NHS302,Cash,150,CONGRATULATIONS! You have earned your reward.  Thank you for banking with Fifth Third.,5,INT,5.1,0,5,NHS500,Not met,,6,NHS602,,,,,,,,09/03/24,03:35.4,22/10/24,01/10/24,2024-10-30 21:40:51 PM CST
aa964f018ba7fd9542f82c70bc95320bf3c7d2902212f4836906d5698911db43,d5de82ef,1000016,N,N,Prospect,1,NHS100,NH53BJM8BJINL0IV,19/08/24,06/09/24,2,Cash,250,CONGRATULATIONS! You have earned your reward.  Thank you for banking with Fifth Third.,3,MISC,Y,04/09/24,Open,3,NHS100,700,10/02/24,0,3,NHS302,Cash,150,CONGRATULATIONS! You have earned your reward.  Thank you for banking with Fifth Third.,5,INT,773.12,0,5,NHS500,Not met,,6,NHS602,,,,,,,,09/04/24,12:10.2,29/10/24,02/10/24,2024-10-30 21:40:51 PM CST
da78beef3195b83747bd284d5b3c063a5adcc4bb3b03103189039093c35f191c,8ae40b40,1000016,N,N,Prospect,1,NHS100,NH53BJM8BJINL0IV,19/08/24,06/09/24,2,Cash,250,CONGRATULATIONS! You have earned your reward.  Thank you for banking with Fifth Third.,4,MISC,Y,05/09/24,Open,3,NHS100,0,Not met,0,4,NHS401,Cash,150,CONGRATULATIONS! You have earned your reward.  Thank you for banking with Fifth Third.,5,INT,0,0,5,NHS500,Not met,,6,NHS602,,,,,,,,09/05/24,16:20.4,05/09/24,null,2024-10-30 21:40:51 PM CST
8bccbd299f168326ba36549e2fa2fb39fbffde3c43b19e63e285d4e8df6893b7,3483b995,1000016,N,N,Prospect,4,NHS410,NH53BJM8BJINL0IV,19/08/24,06/09/24,4,Cash,250,CONGRATULATIONS! You have earned your reward.  Thank you for banking with Fifth Third.,4,MISC,Y,06/09/24,Closed,4,NHS410,0,Not met,0,4,NHS410,Cash,150,CONGRATULATIONS! You have earned your reward.  Thank you for banking with Fifth Third.,4,INT,0,0,4,NHS410,Not met,,4,NHS410,,,,,,,,09/06/24,56:40.3,08/10/24,null,2024-10-30 21:40:51 PM CST
9f69c076ec40524cc717ab8b2da78890c7a1cc752ffe011a7161316b8d185f3f,aa2b99db,1000016,N,N,Prospect,1,NHS100,NH53BJM8BJINL0IV,19/08/24,06/09/24,2,Cash,250,CONGRATULATIONS! You have earned your reward.  Thank you for banking with Fifth Third.,4,MISC,Y,05/09/24,Open,3,NHS100,0,Not met,0,4,NHS401,Cash,150,CONGRATULATIONS! You have earned your reward.  Thank you for banking with Fifth Third.,5,INT,0,0,5,NHS500,Not met,,6,NHS602,,,,,,,,09/05/24,14:25.9,05/09/24,null,2024-10-30 21:40:51 PM CST
4d54a14eac8f509132801bf71a8c872ffa1c8b8a1c0537f7c1d0dcd310e680b5,aeba8acd,1000016,A,N,Prospect,1,NHS100,NH53BJM8BJINL0IV,19/08/24,06/09/24,2,Cash,250,CONGRATULATIONS! You have earned your reward.  Thank you for banking with Fifth Third.,4,MISC,Y,05/09/24,Open,3,NHS100,0,Not met,0,4,NHS401,Cash,150,CONGRATULATIONS! You have earned your reward.  Thank you for banking with Fifth Third.,5,INT,5.61,0,5,NHS500,Not met,,6,NHS602,,,,,,,,09/05/24,26:49.3,28/10/24,null,2024-10-30 21:40:51 PM CST
e5571e7ac4b0acd4af6fb97c08165671559e6a6822cdc84ff19fe71e1e8dbf90,57ec5628,1000016,N,N,Prospect,1,NHS100,NH53BJM8BJINL0IV,19/08/24,06/09/24,2,Cash,250,CONGRATULATIONS! You have earned your reward.  Thank you for banking with Fifth Third.,3,MISC,Y,05/09/24,Open,3,NHS100,2821.85,10/11/24,0,3,NHS302,Cash,150,CONGRATULATIONS! You have earned your reward.  Thank you for banking with Fifth Third.,5,INT,3071.85,0,5,NHS500,Not met,,6,NHS602,,,,,,,,09/05/24,51:58.2,25/10/24,25/10/24,2024-10-30 21:40:51 PM CST
b1f1a115d74e3b3c22e038147481f6a4d65909ed5ccec2b6fb409256445d8954,3b7038c9,1000016,N,N,Prospect,1,NHS700,NH53BJM8BJINL0IV,19/08/24,06/09/24,2,Cash,250,CONGRATULATIONS! You have earned your reward.  Thank you for banking with Fifth Third.,3,MISC,Y,05/09/24,Open,3,NHS700,530.46,10/24/2024,0,3,NHS700,Cash,150,CONGRATULATIONS! You have earned your reward.  Thank you for banking with Fifth Third.,5,INT,-125,0,5,NHS500,Not met,,6,NHS602,,E459803,PRAMODSURVANA,1,10/29/2024,,,09/05/24,07:31.5,29/10/24,24/10/24,2024-10-30 21:40:51 PM CST
a7e07a7584a1ecc51f9b611ba1ef6915f179007740ed51e543c3fac2915a974e,99f50e4e,1000016,N,N,Prospect,1,NHS100,NH53BJM8BJINL0IV,19/08/24,06/09/24,2,Cash,250,CONGRATULATIONS! You have earned your reward.  Thank you for banking with Fifth Third.,4,MISC,Y,05/09/24,Open,3,NHS100,0,Not met,0,4,NHS401,Cash,150,CONGRATULATIONS! You have earned your reward.  Thank you for banking with Fifth Third.,5,INT,0,0,5,NHS500,Not met,,6,NHS602,,,,,,,,09/05/24,50:59.4,05/09/24,null,2024-10-30 21:40:51 PM CST
618097fd8802f820d67e042516b0b65d8268d5c56826568e87a813e88f698fb2,959c0381,1000016,A,N,Prospect,1,NHS100,NH53BJM8BJINL0IV,19/08/24,06/09/24,2,Cash,250,CONGRATULATIONS! You have earned your reward.  Thank you for banking with Fifth Third.,4,MISC,Y,05/09/24,Open,3,NHS100,0,Not met,0,4,NHS401,Cash,150,CONGRATULATIONS! You have earned your reward.  Thank you for banking with Fifth Third.,5,INT,-35.59,0,5,NHS500,Not met,,6,NHS602,,,,,,,,09/05/24,44:45.3,28/10/24,null,2024-10-30 21:40:51 PM CST
c107dfcf145b24fd38edf6052f6e9eba70b0a3893c41ade0c672cbb454ad8cca,e2aeb4ff,1000016,N,N,Prospect,1,NHS100,NH53BJM8BJINL0IV,19/08/24,06/09/24,2,Cash,250,CONGRATULATIONS! You have earned your reward.  Thank you for banking with Fifth Third.,3,MISC,Y,05/09/24,Open,3,NHS100,2441,9/27/2024,0,3,NHS302,Cash,150,CONGRATULATIONS! You have earned your reward.  Thank you for banking with Fifth Third.,5,INT,1624.37,0,5,NHS500,Not met,,6,NHS602,,,,,,,,09/05/24,32:38.0,29/10/24,25/10/24,2024-10-30 21:40:51 PM CST
b3de96e5deb48ea1df94ecd49b83d563cabd18579074de5d19fcffff1703a564,095f3fd0,1000016,N,N,Prospect,1,NHS100,NH53BJM8BJINL0IV,19/08/24,06/09/24,2,Cash,250,CONGRATULATIONS! You have earned your reward.  Thank you for banking with Fifth Third.,4,MISC,Y,05/09/24,Open,3,NHS100,0,Not met,0,4,NHS401,Cash,150,CONGRATULATIONS! You have earned your reward.  Thank you for banking with Fifth Third.,5,INT,0,0,5,NHS500,Not met,,6,NHS602,,,,,,,,09/05/24,56:30.5,05/09/24,null,2024-10-30 21:40:51 PM CST
ffed6c3e9867ec570569bb66a9609bc1df7606a1c06a31e84f51d321c8f0d7be,114ffa4f,1000016,N,N,Prospect,1,NHS100,NH53BJM8BJINL0IV,19/08/24,06/09/24,2,Cash,250,CONGRATULATIONS! You have earned your reward.  Thank you for banking with Fifth Third.,4,MISC,Y,05/09/24,Open,3,NHS100,0,Not met,0,4,NHS401,Cash,150,CONGRATULATIONS! You have earned your reward.  Thank you for banking with Fifth Third.,5,INT,0,0,5,NHS500,Not met,,6,NHS602,,,,,,,,09/05/24,18:24.0,05/09/24,null,2024-10-30 21:40:51 PM CST
bc22770d2b0e2dfa5f3c39c2573cf1ec117fdba9e81aed646bc66ecf56960668,7c0f257c,1000016,N,N,Prospect,1,NHS100,NH53BJM8BJINL0IV,19/08/24,06/09/24,2,Cash,250,CONGRATULATIONS! You have earned your reward.  Thank you for banking with Fifth Third.,4,MISC,Y,05/09/24,Open,3,NHS100,0,Not met,0,4,NHS401,Cash,150,CONGRATULATIONS! You have earned your reward.  Thank you for banking with Fifth Third.,5,INT,0,0,5,NHS500,Not met,,6,NHS602,,,,,,,,09/05/24,46:33.7,05/09/24,null,2024-10-30 21:40:51 PM CST
033679009a039ee7fe2cd3d81b812c25429fc81e70921194b2a33ee69259a1c3,f6339bc1,1000016,N,N,Prospect,1,NHS100,NH53BJM8BJINL0IV,19/08/24,06/09/24,2,Cash,250,CONGRATULATIONS! You have earned your reward.  Thank you for banking with Fifth Third.,3,MISC,Y,05/09/24,Open,3,NHS100,5702.66,9/19/2024,0,3,NHS302,Cash,150,CONGRATULATIONS! You have earned your reward.  Thank you for banking with Fifth Third.,5,INT,99.57,0,5,NHS500,Not met,,6,NHS602,,,,,,,,09/05/24,02:16.2,29/10/24,17/10/24,2024-10-30 21:40:51 PM CST
493a5acd0ff368395f1f26830b30489b19a1b9928d3ed67328e1d864fa9af40b,8eafe4c8,1000016,N,N,Prospect,1,NHS100,NH53BJM8BJINL0IV,19/08/24,06/09/24,2,Cash,250,CONGRATULATIONS! You have earned your reward.  Thank you for banking with Fifth Third.,3,MISC,Y,05/09/24,Open,3,NHS100,2644.72,9/27/2024,0,3,NHS302,Cash,150,CONGRATULATIONS! You have earned your reward.  Thank you for banking with Fifth Third.,5,INT,3486.91,0,5,NHS500,Not met,,6,NHS602,,,,,,,,09/05/24,52:17.1,29/10/24,11/10/24,2024-10-30 21:40:51 PM CST
f22adf46298d67e58bff3eb4fa830f03d35cf536fea4104d7d7860daf597de67,f4b10a65,1000016,N,N,Prospect,1,NHS100,NH53BJM8BJINL0IV,19/08/24,06/09/24,2,Cash,250,CONGRATULATIONS! You have earned your reward.  Thank you for banking with Fifth Third.,4,MISC,Y,05/09/24,Open,3,NHS100,0,Not met,0,4,NHS401,Cash,150,CONGRATULATIONS! You have earned your reward.  Thank you for banking with Fifth Third.,5,INT,0,0,5,NHS500,Not met,,6,NHS602,,,,,,,,09/05/24,07:10.7,05/09/24,null,2024-10-30 21:40:51 PM CST
98d3ed6318c9abd595e794992adcd5d622adaaf0c0984b062bdfda3c64b01865,1c78e67e,1000016,N,N,Prospect,1,NHS100,NH53BJM8BJINL0IV,19/08/24,06/09/24,2,Cash,250,CONGRATULATIONS! You have earned your reward.  Thank you for banking with Fifth Third.,3,MISC,Y,06/09/24,Open,3,NHS100,3757.97,9/24/2024,0,3,NHS302,Cash,150,CONGRATULATIONS! You have earned your reward.  Thank you for banking with Fifth Third.,5,INT,1150.34,0,5,NHS500,Not met,,6,NHS602,,,,,,,,09/06/24,19:40.6,29/10/24,29/10/24,2024-10-30 21:40:51 PM CST
8b7e91a862bd0269f315ead4c0427acbb85bf0341d924040297dac6e441c17a7,6ee5385b,1000016,N,N,Prospect,1,NHS100,NH53BJM8BJINL0IV,19/08/24,06/09/24,2,Cash,250,CONGRATULATIONS! You have earned your reward.  Thank you for banking with Fifth Third.,3,MISC,Y,06/09/24,Open,3,NHS100,1330.59,10/10/24,0,3,NHS302,Cash,150,CONGRATULATIONS! You have earned your reward.  Thank you for banking with Fifth Third.,5,INT,0.02,0,5,NHS500,Not met,,6,NHS602,,,,,,,,09/06/24,55:03.5,28/10/24,24/10/24,2024-10-30 21:40:51 PM CST
0c2504bf2987f593d61c63966ad6b16e06bc373915f88a11bdd998bd51e974eb,a7e65188,1000016,N,N,Prospect,1,NHS100,NH53BJM8BJINL0IV,19/08/24,06/09/24,2,Cash,250,CONGRATULATIONS! You have earned your reward.  Thank you for banking with Fifth Third.,3,MISC,Y,06/09/24,Open,3,NHS100,9131.93,9/18/2024,0,3,NHS302,Cash,150,CONGRATULATIONS! You have earned your reward.  Thank you for banking with Fifth Third.,4,INT,10762.61,0,3,NHS303,06/09/24,0,4,NHS403,26/09/24,,,,,,,09/06/24,32:59.6,29/10/24,16/10/24,2024-10-30 21:40:51 PM CST
7e5e9cf450d9321527462d6f5f09ad7f03a344945fdb489343dc363d34455360,2980bae1,1000016,N,N,Prospect,1,NHS100,NH53BJM8BJINL0IV,19/08/24,06/09/24,2,Cash,250,CONGRATULATIONS! You have earned your reward.  Thank you for banking with Fifth Third.,3,MISC,Y,06/09/24,Open,3,NHS100,3500,09/11/24,0,3,NHS302,Cash,150,CONGRATULATIONS! You have earned your reward.  Thank you for banking with Fifth Third.,5,INT,1785.44,0,5,NHS500,Not met,,6,NHS602,,,,,,,,09/06/24,41:59.0,23/10/24,23/10/24,2024-10-30 21:40:51 PM CST
d4cd8502fe9d25a7d656f29070a0df4d23e774594c522fa74717dca15a62a175,d9771402,1000016,N,N,Prospect,1,NHS100,NH53BJM8BJINL0IV,19/08/24,06/09/24,2,Cash,250,CONGRATULATIONS! You have earned your reward.  Thank you for banking with Fifth Third.,4,MISC,Y,06/09/24,Open,3,NHS100,0,Not met,0,4,NHS401,Cash,150,CONGRATULATIONS! You have earned your reward.  Thank you for banking with Fifth Third.,5,INT,0,0,5,NHS500,Not met,,6,NHS602,,,,,,,,09/06/24,34:46.4,06/09/24,null,2024-10-30 21:40:51 PM CST
ad29849762b936fd9c2c01ad41ebe7c39c3760006e47a622527b6d98e17ef7f9,1cd83166,1000016,N,N,Prospect,1,NHS100,NH53BJM8BJINL0IV,19/08/24,06/09/24,2,Cash,250,CONGRATULATIONS! You have earned your reward.  Thank you for banking with Fifth Third.,3,MISC,Y,06/09/24,Open,3,NHS100,4872.83,10/02/24,0,3,NHS302,Cash,150,CONGRATULATIONS! You have earned your reward.  Thank you for banking with Fifth Third.,5,INT,3519.86,0,5,NHS500,Not met,,6,NHS602,,,,,,,,09/06/24,51:41.4,18/10/24,16/10/24,2024-10-30 21:40:51 PM CST
ab4af28fe3080c33eae8786a73f13c2cde3f509e50f5eaaeb8367ea7f541d06c,e1c531f6,1000016,N,N,Prospect,1,NHS100,NH53BJM8BJINL0IV,19/08/24,06/09/24,2,Cash,250,CONGRATULATIONS! You have earned your reward.  Thank you for banking with Fifth Third.,4,MISC,Y,06/09/24,Open,3,NHS100,0,Not met,0,4,NHS401,Cash,150,CONGRATULATIONS! You have earned your reward.  Thank you for banking with Fifth Third.,5,INT,0,0,5,NHS500,Not met,,6,NHS602,,,,,,,,09/06/24,33:01.1,06/09/24,null,2024-10-30 21:40:51 PM CST
8ba08ff075d4d6503a76c60147c417d22aa78b8ecf4656a5cb8340d9452a4f31,9288bedf,1000016,N,N,Prospect,1,NHS100,NH53BJM8BJINL0IV,19/08/24,06/09/24,2,Cash,250,CONGRATULATIONS! You have earned your reward.  Thank you for banking with Fifth Third.,3,MISC,Y,06/09/24,Open,3,NHS100,3138.21,10/03/24,0,3,NHS302,Cash,150,CONGRATULATIONS! You have earned your reward.  Thank you for banking with Fifth Third.,5,INT,3586.15,0,5,NHS500,Not met,,6,NHS602,,,,,,,,09/06/24,42:20.0,28/10/24,17/10/24,2024-10-30 21:40:51 PM CST
53e85320a0c9cab08dac1a6189ae5cbb66d0f1938ec86e877c5095ba95ff05a6,13cdecfa,1000016,N,N,Prospect,1,NHS100,NH53BJM8BJINL0IV,19/08/24,06/09/24,2,Cash,250,CONGRATULATIONS! You have earned your reward.  Thank you for banking with Fifth Third.,3,MISC,Y,06/09/24,Open,3,NHS100,1200.24,10/09/24,0,3,NHS302,Cash,150,CONGRATULATIONS! You have earned your reward.  Thank you for banking with Fifth Third.,5,INT,713.15,0,5,NHS500,Not met,,6,NHS602,,,,,,,,09/06/24,31:31.3,29/10/24,23/10/24,2024-10-30 21:40:51 PM CST